Country Name,1946,1947,1948,1949,1950,1951,1952,1953,1954,1955,1956,1957,1958,1959,1960,1961,1962,1963,1964,1965,1966,1967,1968,1969,1970,1971,1972,1973,1974,1975,1976,1977,1978,1979,1980,1981,1982,1983,1984,1985,1986,1987,1988,1989,1990,1991,1992,1993,1994,1995,1996,1997,1998,1999,2000,2001,2002,2003,2004,2005,2006,2007,2008,2009,2010,2011
Afghanistan,,,,,,,,,,,,,632822,2470831,1220172,3006875,5947699,4893014,893970,382300,653499,876851,1003873,1360239,953597,700302,1031073,859824,547584,666683,843456,524209,712524,,,,,,,,,,,,,,,,,,,,,,,,63201392,413322118,631204811,804492179,2071721045,4147042387,6489094127,6208732247,6934461055,10265417053
Albania,,,,,,,,,,,,,,,,,,,,,,,,,,,,,,,,,,,,,,,,,,,,,,,189410,249043,366541,1159644,7467236,1109639,3054987,7012026,3031844,11777875,5977763,10662905,7276436,5040070,5048112,4319779,2879278,4265786,5180215,5056000
Algeria,,,,,,,,,,,,,,,,,,,,,,,,,,,,,,,,,,,,,,,,101207,70142,231224,137482,168293,226936,265701,221965,198366,79405,102751,102168,81592,166420,161638,146991,151110,82308,736784,844240,1038264,905141,1795635,725561,909760,1035023,1035000
Angola,,,,,,,,,,,,,,,,,,,,,,,,,,,,,,,,,,,,,,,,,,,,,,,,,,,2724485,232737,,,,,,363577,587093,355944,704976,468937,362259,487812,380358,418000
Antigua and Barbuda,,,,,,,,,,,,,,,,,,,,,,,,,,,,,,,,,,,,,,27583,56993,82806,75538,66564,74682,4902,1235539,983853,1297755,139001,62390,59706,242479,456111,6176013,14669932,902398,944128,4450768,399693,1798854,741454,476216,576825,110661,699815,2237282,379000
Argentina,,,,,,,,,,,,,,,1677736,23483691,173107772,8558370,58502816,94365347,153225971,85806909,59777506,58345261,2803860,74001584,88896598,49386145,88419325,105063597,111971213,2184709,,,,,,,,,,,56011,238551,231664,6103530,9887795,23249950,1767623,7911274,22704686,2981181,7464128,10875377,7462241,2633818,3427447,5564407,1542882,1472674,1401154,1463427,1387440,1397572,1512256,681000
Armenia,,,,,,,,,,,,,,,,,,,,,,,,,,,,,,,,,,,,,,,,,,,,,,,,,,,,,,,,,9919942,6812846,3938223,9816310,5276872,5166590,3835766,3454824,3558849,3443000
Asia (not specified),,,,,237763961,687141787,1081017329,1498450067,1522961510,360873757,-138633922,-44532804,-13157686,,,,,,,,,,,,,,,,,,,,,,,,,,,,,,,,,,,,,,,,,,,,,,,,769865,,,,,
Australia,,,,,,,,,,,,,,155662357,28063948,13831623,115980126,182680372,145125064,57059709,27927308,,,,,,,,,,,,,,,,,,,,,,,,,,,,14180,,,,,,,,,,,,,,7308,205828,,
Austria,,,,,431752762,,2138934,,,2061390,2678916,225891,235998761,38526433,22255931,4444161,46064927,50574855,2443906,279593,128466,92015,57514,,18977,,51769,95077,92549,31414,58619,72723,141937,131347,57934,61530,78158,82748,102587,82806,115105,92840,37341,34312,20487,39476,,,14180,20828,20434,,,,,,,,,,,,,,,
Azerbaijan,,,,,,,,,,,,,,,,,,,,,,,,,,,,,,,,,,,,,,,,,,,,,,,,,,,,,,,,,10432216,7076500,4188325,11740453,7747038,4852808,4210344,4137144,4089107,3937000
"Bahamas, The",,,,,,,,,,,,,,,,,,,,,,,,,,,,,,,,,,,,,,,,80966,75538,80578,86563,58821,69341,179158,118381,108594,21269,73592,260188,921584,1220410,5373153,6463775,6811211,6174319,5908721,7079173,2234598,6503156,7752957,13792974,10519872,6987172,5162000
Bahrain,,,,,,,,,,,,,,,,,,,,,,,,,,,,,,,,,,,,,,,,,,,,,,,1589268,873099,1440068,32857575,112098959,15533012,27068477,23536987,18781626,7784300,47693114,113788519,29648219,28224215,17865258,24273441,4791837,8912355,20059058,15896000
Bangladesh,,,,,,,,,,,,,,,,,,,,,,,,,,,,,,,,133325,598975,619957,299327,296661,331143,388130,499638,618283,482002,523757,492221,531020,472783,5396006,4775204,668941,350235,3127492,444091,2860659,2063074,1556415,582852,633165,796052,929408,1599243,5844071,2111629,2055206,1476178,1417126,2558496,3951000
Barbados,,,,,,,,,,,,,,,,,,,,,,,,,,,,,,,,,,15762,72418,37357,115180,102450,132984,126969,124097,119115,142574,3268,1057457,1914565,1282957,169407,65226,147183,407310,3271690,693415,642641,545784,1196395,846420,627230,270063,204696,164971,227525,270389,390044,695454,537000
Belarus,,,,,,,,,,,,,,,,,,,,,,,,,,,,,,,,,,,,,,,,,,,,,,,,140449,14356360,20457034,380066,365156,80568,,,,,,,,,,,,,
Belgium,,,,,691369109,2480698317,2072377668,990358350,545897554,726406255,326814403,369131764,40901607,156162701,105111689,334911714,36899523,71492052,34992555,2288094,106124,119079,,,,,,,,,,,,,,,,,,,,,,,,,,,,,,,,,,,,,,,,,4176,3087,,
Belize,,,,,,,,,,,,,,,,,,,,,,,,,,,,,,,,,,,,,41136,94570,94988,1100397,129493,164659,517681,174828,799003,933749,961848,903505,302024,74980,397775,578685,863797,718245,520221,1052778,984009,899310,763221,1373738,851250,3932024,1876020,4796823,5258734,13504000
Benin,,,,,,,,,,,,,,,,,315228,23496,,,,21651,10457,70012,,,,,,,,,,,,,,,,84646,106112,150646,112023,133980,231664,177640,156855,525597,143213,223552,382790,468149,4723144,484913,455033,479557,616695,459888,,,379433,408050,152420,438414,322234,618000
Bolivia,,,,,,,,,,,,,538839,2100206,1970577,10536089,14250686,29146624,16544257,14247809,15980006,20135098,12788925,9751715,7059464,11331337,25975270,19813157,30498863,25187339,44380761,8047970,2165960,16828143,494855,,,,237471,6162594,251792,322312,638190,1266279,73680033,54485393,41199639,33228422,10832881,4995171,751277,6313319,12860530,6407928,10773542,8418477,7585838,8604243,10891758,6372869,4335438,2132116,1659917,639096,883084,280000
Bosnia & Herzegovina,,,,,,,,,,,,,,,,,,,,,,,,,,,,,,,,,,,,,,,,,,,,,,,,,,316583,109533829,18084346,7706808,6037953,1242241,8392251,4877049,4289119,22767484,10731756,11111346,10196986,4451502,4666122,5257714,5477000
Botswana,,,,,,,,,,,,,,,,,,,,,,,,,,,,,,,,,,,168975,1147089,1223791,10231254,13725810,17087442,564733,611341,549930,558797,2130674,4860050,861224,3330203,516136,5866461,618458,522989,1490449,732584,612250,2822394,2078581,1738426,1669694,1356680,833653,721031,1090952,841837,1038082,1106000
Brazil,,,,,,,191791097,448857882,79645554,52909003,56886789,168475986,42818869,135086512,203042667,160927932,234190638,48348622,202594589,76910782,188861216,181318719,189559476,3770663,3686293,54153672,88538527,71989597,178176758,227492357,143439608,139385,,,,,,,,,,,72984,202605,152866,109317,217526,361981,136124,138852,272448,4159835,12642600,1980063,967585,24208819,1588419,1543394,785531,738043,1063513,812896,2266466,986946,1481664,1643000
Brunei,,,,,,,,,,,,,,,,,,,,,,,,,,,,,,,,,,,,,,,,,,,,,,,,,,,,,,,,,,,,,,,26099,,,43000
Bulgaria,,,,,,,,,,,,,,,,,,,,,,,,,,,,,,,,,,,,,,,,,,,,,,,492762,403971,425387,659284,7926629,5227745,6802067,13522825,7669102,18194451,11930956,24467979,11638540,9608203,12625779,11809960,8622175,9496906,11184370,11310000
Burkina Faso,,,,,,,,,,,,,,,,,321176,11748,,45648,50269,43301,20914,,,,,,,,,,,302097,205184,147232,168657,226573,64592,31282,61149,127874,74682,112740,132379,162457,,,,,,,,,,,,,133857,145562,134176,174116,158684,175983,266149,328000
Burma (Myanmar),,,,,15157453,8901761,,7002,6926,,,,97285424,69541540,70483217,13206194,68184418,56683781,12527196,65042362,19677582,20990298,14383619,415073,498148,185241,,24803,,,,,,,72418,68122,310576,334934,220373,408509,473009,523757,436210,,,,,,,,,,,,,,63881,69826,8219,4369122,197965,,,,,
Burundi,,,,,,,,,,,,,,,,,,,,,,,,,,,,,,,,,,,,,65817,76838,258368,268659,241001,268009,188402,200971,381378,675640,269317,482159,,61095,96719,,,,,,,,,,516909,315117,334071,500162,351806,352000
Cambodia,,,,,,,,,,,183291458,184146370,34266374,19068639,48812968,74474272,66649912,19495696,1712476,,,,,,40814900,905558188,822502765,703216205,1456094172,811010690,,,,,,,,,,,,,,,,,,,1236457,2184146,3273469,1956861,,,,,,,32877,1507927,1936759,2123628,1466782,5481228,2483036,2689000
Cameroon,,,,,,,,,,,,,,,,,1433395,,,,,,,75013,61675,,,,,,,,14193709,5253869,2520138,9719489,3165402,5096910,9681208,9443544,393874,497481,386987,442789,778516,2014772,418774,474919,141796,,113066,139107,187552,239850,241577,278493,237096,548976,423881,552679,572999,447574,297532,946809,1565282,1118000
Canada,,,,,,20028963,,8402956,,,,,,,,54725119,,,,,,,,,,,,,,,,,,,,,,,,,,,,,,,,,,,,,,29981,51127,41212,49139,14447,8219,,,,7308,7204,,
Cape Verde,,,,,,,,,,,,,,,,,,,,,,,,,,,,,,,,,,,,,,7881,93089,101207,80933,12262,112023,133980,107164,3206631,525317,241803,,104139,87184,278214,202081,91247,157217,157355,179357,172157,234837,205833,465218,835328,229674,368432,192728,1819000
Caribbean (not specified),,,,,,,,,,,,,,,,,,,,,,,,,,,,,,,,,,,,,,,,9200647,,,1697313,,,,,,,,,,165099,5502202,11354105,10436614,12090658,15597674,21952598,18979868,17944444,19810738,20405500,26333641,26203935,22623000
Central African Republic,,,,,,,,,,,,,,,,,,,,,,,,,,,,,,,,,,,,,47306,96540,167179,187693,210426,329319,244413,297371,398713,596688,378820,311304,,258265,149847,211336,198118,105586,131653,144866,157245,15651,,,114380,284140,121101,55574,61184,
Chad,,,,,,,,,,,,,,,,,,,,,,,,,,,,,,,,,,,,,,45491940,674417,9714043,16920414,36407216,9798590,415013,6483427,1818913,520878,535732,319040,86088,,36114,132079,113407,127818,216051,265351,310605,672809,2878253,541105,397368,192091,177012,892261,790000
Chile,,,,,,,47769530,57420197,4827213,35689527,25443008,40537759,61483987,31935492,47836830,104206249,94895533,148153194,54810834,59638808,57798358,23480122,41263367,58690322,4042113,25707859,52886703,61969339,62112175,2178063,,,,,,,,,,,,,,,,5030098,5577237,385148,137542,705930,760851,678147,29097009,1216194,1135027,3091062,1648614,2939914,1919796,1734230,1517733,1390789,729737,6067811,2325998,1425000
China (P.R.C.),,,,,,,,,,,,,,,,,,,,,,,,,,,,,,,,,,,,,,,,,,,,,,,,,,,,,,,,,25798,,,,78086,,103353,154371,193748,199000
China (Taiwan),,1232184521,,,,600127071,1386022212,1633674631,1978672594,2646075439,1359516572,704192706,321473596,1884231066,1801241828,1157141593,781033956,681286182,427921568,378174633,558898053,599598307,858421302,610572382,1247404501,568428313,607789396,612426225,357641495,288698011,306835578,107523427,68493164,21015,,,,,,,,,,,,,,,,,,,,,,,,,,,,,,,,
Colombia,,,,,,,24961362,44115517,11780616,32288234,22094363,16167344,43977999,10797532,31480429,106473432,51060994,39114746,52796498,59091035,75264096,51366149,25488966,20003518,35017410,30158164,37269616,43371510,2113210,2317682,67098708,2111986,147960905,34031938,622793,540582,21279564,1176210,47970994,1415060,1796715,2394566,7147387,98769741,143336685,82878954,86317697,44334004,12194414,15291258,5360424,92914069,90623349,143426808,168156395,242507881,147813887,236583228,331823523,292133034,254344568,231799313,181492652,190541219,189510220,159997000
Comoros,,,,,,,,,,,,,,,,,,,,,,,,,,,,,,,,,,,,,,,,,48560,40289,44130,81695,204873,136646,88786,198366,,,87184,101655,133400,18249,,,,,142077,615225,575199,65160,138848,189362,113190,207000
Congo (Brazzaville),,,,,,,,,,,,,,,,,,,,,,,,,,,,,,,,,,,,,61704,108361,7599,,,3503,,,58310,344652,221965,205605,154557,208278,220683,196622,,,,107401,171987,130021,19961,184226,322243,408050,161816,126584,134604,123000
Congo (Kinshasa),,,,,,,,,,,,,,,,,5948,12858114,49261252,35593846,20481888,18338094,10755036,13437363,9047311,61454884,10043253,26873636,14885019,13232428,95600353,91279011,54211454,25039941,16518488,14826451,15851692,2976974,1320337,15223391,2120447,1975911,6655166,1423134,5430697,12146,,,,,,,,,,,,,376914,375276,446521,6476464,6660549,39381082,16264652,22020000
Costa Rica,,,,,,,,,,,,,,,36605,372852,3693521,1909039,2513566,1232490,1234387,113666,,,,451808,,,,,,15150546,,,,68122,94612,242335,254569,20662814,383083,362601,373409,338219,343555,478262,304832,325783,143213,155903,267186,445410,595676,986322,1449460,2180487,1610532,1820290,1033284,843802,685179,959239,2739386,3040080,2339255,3457000
Cote d'Ivoire,,,,,,,,,,,,,,,,,327123,5874,,,,43301,15686,150026,71164,67771,94910,16535,,,,,,,31381,52740,74044,74868,290664,239217,201433,282023,247808,218944,999147,3953630,275236,308408,212693,166623,205699,227386,1863634,898133,28120,,,,,,,,,25729,,89000
Croatia,,,,,,,,,,,,,,,,,,,,,,,,,,,,,,,,,,,,,,,,,,,,,,,,,,145795,296969,571141,600959,567036,5769721,5648535,6870865,7464154,,,,80115,322588,1749538,3430363,4449000
Cuba,,,,,,,4277868,11904187,10381625,10932237,13649079,36078025,12863204,5509953,610086,,,,,,,,,,,,,,,,,,,,,,,,,,,,,,,,,,,,,,,,,,,,,,,,,,,
Cyprus,,,,,,,,,,,,,,,,,,,,,,,,,,,,,,,,,,,,,,,,,,,,,,,,,,,,,,,,,,,,,,,3132,5146,,
Czech Republic,,,,,,,,,,,,,,,,,,,,,,,,,,,,,,,,,,,,,,,,,,,,,,,,679077,708978,694261,13206941,13140264,23304015,10605524,9510965,12417285,14496014,33503217,11746566,8997526,6591141,5457406,4610186,4731987,8047689,7980000
Denmark,,,,,337053879,772190698,556835862,781474877,252088568,109246784,190203062,53561991,136432672,275689154,248683189,215208034,88549339,266619360,20590344,12661549,28133971,270633,,,,,,,,,,,,,,,,,,,,,,,,,,,,,,,,,,,,,,,,,,,,
Djibouti,,,,,,,,,,,,,,,,,,,,,,,,,,,,,,,,,,,,,117237,222633,201375,4815619,190642,255747,1923056,235283,3481257,2600833,68069,298272,150303,347769,204336,125731,136041,160334,208344,289732,2042955,16317604,8218134,5352800,4802855,4427667,2446029,2545064,2425931,2662132
Dominica,,,,,,,,,,,,,,,,,,,,,,,,,,,,,,,,,,,,17580,8227,21672,81690,80966,82732,92840,69590,73526,1137830,827469,717686,218637,95003,109693,115791,318341,246988,254188,333606,428354,437337,78253,496681,247910,305746,188002,56375,115264,2042514,292000
Dominican Republic,,,,,,,,2814990,9695981,3401293,16060104,6692829,11309344,2452300,573481,366839,6786324,23454750,11580980,9506148,18057798,14917293,13421574,12607217,9706763,5069282,8723135,9892111,3111972,5263651,5676230,4645157,1740149,2498215,8301488,7350597,9111586,10977960,6037457,16016487,1231982,1401356,2053749,1114325,3169220,2483924,2873705,2125669,11977467,652436,713845,1858684,2397089,2592722,6132725,2245427,7430482,2177848,4948024,3791566,4966726,3100969,2614109,2292925,8096220,8532000
East Africa (not specified),,,,,,,,,,,,,,,,,,,,,,,,,,,,,,,,,,,,,,,,,,,,,,,,,,,,,,,,,,,,,,,,5145701,10197274,9960000
Eastern Europe (not specified),,,,,,,,,,,,,,,,,,,,,,,,,,,,,,,,,,,,,,,,,,,,,,373500,958888,88323,,,,,,,,,,,,,,,167036,236702,253912,102000
Ecuador,,,,,,,16398495,28009852,7618270,8245559,15370283,14263405,25970766,24492113,5405361,65706225,28852287,20318052,29779663,33151691,21146558,35490816,12485672,11346996,11058879,1337351,,,3856,1329875,34080178,46642472,30383054,1190001,7777666,9440408,10236651,8919100,12724633,12284704,8086116,947667,1147384,1060406,5778981,4298282,9951425,7415494,721739,406837,764458,3902019,6784897,13182604,16092716,25329188,30939162,27797955,21000332,23977862,26135803,23295188,21460957,21240426,15484561,7173000
Egypt,,,,,,,,,,,,,,,,,,,,,,,,,,,,,,,,,519490,3941397549,2047008,1210200549,1855873789,2614019303,2595950614,2164724605,2240481836,2280173585,2209014395,2126505179,2042293635,1976508258,1925941795,1885632082,1884482933,1863452853,1871546795,1745377495,1721443104,1762249792,1704695498,1623138021,1598697799,1569968906,1547718821,1472333277,1431412257,1392100496,1347467685,1339253168,1327583106,1298675000
El Salvador,,,,,,,,,,,,,,,512472,1310997,6096391,8622983,7140153,3007047,4619177,1786178,2462626,1880331,2737440,1956327,1531510,2095821,4365244,18684566,3311948,1739283,8516,10508,14348369,78131683,137305228,101433827,41965834,250675315,2597053,2363036,138305585,2336489,127753767,101576708,33448626,16361548,605282,561081,728800,830629,1034178,2296821,1133749,11193962,3566761,5561999,15129398,11207106,19536964,10874221,8638878,12553453,6474249,10230000
Equatorial Guinea,,,,,,,,,,,,,,,,,,,,,,,,,,,,,,,,,,,,,57590,110331,102587,143530,70142,148894,137482,147052,668200,192823,105063,,,,,,,,,,,,,,,,,,,
Eritrea,,,,,,,,,,,,,,,,,,,,,,,,,,,,,,,,,,,,,,,,,,,,,,,,,399863,916425,6815027,2893159,1860993,572250,34511,193571,417682,458684,331121,272928,,,,,,
Estonia,,,,,,,,,,,,,,,,,,,,,,,,,,,,,,,,,,,,,,,,,,,,,,,90266,801846,291452,2033023,6992121,3975591,15050705,7006476,6283832,8662002,8950674,12459118,8669022,6942606,8171043,5430701,2671527,2842485,3728123,3838000
Ethiopia,,,,,,,,,35286443,7544686,34142789,72343217,47612026,54765971,37965642,106864326,108307594,49541037,49441207,57618894,88987576,98661978,62998266,61780865,56371341,60334401,52282727,49105048,84216042,122282160,10671834,2554382,,,,,,,,,,,,,15759,,,231668,1254054,5010002,6733543,1756226,1689290,4452860,194284,,3986404,5411512,3547219,8667738,2829802,2533758,1473046,1510778,342628,650000
Fiji,,,,,,,,,,,,,,,,,,,,,,,,,,,,,,,,,,,,,,98510,151981,189533,149277,143639,,,,,,,,,,,,671318,547063,,,,268889,586795,800659,,,,,43000
Finland,,,,,,,,,,,,,,,,,5948,23496,5805,34236,61440,37889,120256,60011,14233,63253,47455,103344,53987,48867,58619,36361,105033,63046,103799,81307,84328,82748,68392,55204,91724,110357,78076,116007,58310,22774,,,14180,20828,19071,,,,,,,,,,,,,,,
France,,,,,3600090509,9572731507,10233730533,1450875333,1128189664,1489003642,1771513819,295968885,1063285133,599553336,673046695,152382395,195447328,171837029,3517832,,,,,,,,,,,,,,,,,,,,,,,,,,,,,,,3807329,,,,2607,,,12285,,7045,,5499,,33407,38078,,
Gabon,,,,,,,,,,,,,,,,,,,,,,,,,,,,,,,6513173,6060218,5677484,,123110,5823343,5471065,2186923,5879776,253938,237404,245237,215559,93133,230088,487371,167214,166511,,,,,,,60075,163599,192871,290139,329947,499231,638988,617416,205663,357112,999333,530000
"Gambia, The",,,,,,,,,,,,,,,,,,,,,,,,,,,,,,,,,,,,,,,,110408,95321,101598,100141,151953,234815,933749,321109,2024199,141796,,,,,,,,58967,81865,214876,216068,79186,110024,124233,173925,120328,365000
Georgia,,,,,,,,,,,,,,,,,,,,,,,,,,,,,,,,,,,,,,,,,,,,,,,,,89331,113859,411397,1353618,7615674,12085292,4651310,12096331,133602880,10966889,15884436,15619158,15386844,11773107,10468963,13932501,18157266,17965000
Germany,,,,,,1926489498,1445206520,1278467690,1660782948,2061390,71024770,400150,51910204,16381610,186649661,5755158,2063851,1938409,1741501,251063,279273,254395,,,,,,,,,,,,,,,,,,,,,,,,,,,,,,,,,,,,,698641,22744,21996,240344,25055,22641,,1406000
Ghana,,,,,,,,,,,,,,,,,29738,152723,,,,135317,245740,250044,218236,180723,172564,227357,142680,244334,351711,251499,661427,564791,453818,437300,606753,504371,450245,513396,381285,366104,276662,316978,272638,1823468,680692,1307476,728829,425582,350096,325029,4738994,2227734,1546602,2896076,1882025,1901553,1946802,1502241,1418750,1755044,1678709,1658974,3950424,2810000
Greece,,,1578869699,1221893297,807936019,1189097268,1221994480,800360520,401676770,114015466,201581760,773508983,265296542,749650147,800194685,721565728,605683902,566714457,365535206,468716979,571833982,504037784,350853650,638447284,324147071,455160121,477455750,330337791,260295015,300181707,613286880,443804951,496283050,448995666,354523488,392260384,581438492,554195861,952668118,922593063,776732959,602898176,584020093,523979605,550134683,532258185,518353073,481368899,411656786,348511462,357098030,168802526,2711373,58150993,21363723,6514610,883274,9098609,666938,1166767,34925018,886174,748581,360199,148880,98000
Grenada,,,,,,,,,,,,,,,,,,,,,,,,,,,,,,,,,,,,,,,113986,115928,134889,133129,106931,117641,1046426,995999,867143,360533,114854,109693,559882,205985,353972,329793,568792,339686,363629,364780,676332,297946,299147,286276,86650,338587,2019060,350000
Guatemala,,,,,,,,,,,3984888,1200449,181701,1389842,3446985,685567,21709100,17005134,15894097,8958374,8154774,11723823,5908211,12132134,6537595,30189791,9301226,15786866,9359052,9947882,6575048,1502934,2839,5254,,,,,,831739,642069,860082,16046401,660099,5224249,605798,310751,221532,198514,,,1268014,2172699,3004638,1717879,1808330,1356237,1386170,1594546,1256606,2052239,2489962,3099556,3325152,9340703,20022000
Guinea,,,,,,,,,,,,,,,,,,,,4827251,714939,,,75013,,,,,,,,,,,,,,94570,170979,5730163,244598,322312,257992,274497,961325,1381645,492762,415554,124780,215221,47678,73566,92455,217690,228795,4063748,326775,252818,565958,673222,633489,514870,366435,244935,1595873,48000
Guinea-Bissau,,,,,,,,,,,,,,,,,,,,,,,,,,,,,,,,,,,,,22625,31523,24697,7361,,71819,81471,89865,783243,628572,369941,2755401,144631,104139,119877,159171,84531,,28120,68687,84765,92700,7045,98936,129777,102547,129453,305655,,10000
Guyana,,,,,,,,,,,,,,,,,,,,,,,,,,,,,,,,,,,,,28795,49255,,,,,,,,56177,113942,144792,272247,134687,401862,238087,371142,411916,410297,679822,640036,849950,540126,579972,452021,462528,279785,445618,2497312,836000
Haiti,,,,,,,,,,700873,7313442,1742588,1109005,858614,10200635,2664091,1570192,5874,,,,,,,,,,,,48867,325659,1796855,1788407,979847,280015,900970,1053077,1258958,1327937,1266009,417255,444930,,163391,784819,2534028,,,,12888267,914065,668784,1241542,599624,1460964,3652877,800966,701871,787879,611814,1436347,1382244,1312274,3227384,1837549,1927000
Honduras,,,,,,,,,3435147,659645,261194,851932,344606,389156,2129200,871994,8891810,5051612,2356831,4924253,7596228,4860569,5123936,4170734,2087476,3867474,2700634,2426523,2560532,14544851,11466441,9569085,9078297,5900095,9576040,19638950,42213588,19272506,1728787,123980562,32716757,6465504,69766371,1851218,33283902,50666891,9177507,2448600,772907,451270,681121,961711,2561545,2664963,1160591,1549819,2038538,2308229,5579736,3875578,3017869,3905320,5859822,4258582,4739693,10263000
Hungary,,,,,,,,,,,,,,,,,,,,,,,,,,,,,,,,,,,,,,,,,,,,,,379573,948530,11509553,10918254,1105375,5767735,14959998,23704214,10742395,9456003,12956787,14482501,25026586,10543024,10258253,4574096,4076231,2235147,2172515,2269913,2075000
Iceland,,,,,,,,,,,,,,,,,,,,,,,,,,,,,,,,51512,,49912,9656,,16454,17732,41795,40483,48560,38537,30552,32678,12608,,,,,,,,,,,,,,,,,,,,,
India,,,,,,,,,,,,,,,128118,595361,38124749,349248452,239438940,168697030,43125350,,324167,355062,370053,682230,116481,,863794,335087,810890,606022,877171,1192628,634862,10987,168657,273858,245070,539158,544950,339829,442999,485271,414473,343134,458727,524149,215529,288813,486321,540377,233780,314151,625032,621926,2225998,1203896,1589849,9443309,1398954,1602292,1393704,1452117,1294034,1644000
Indonesia,,,,,31840036,,106947,3151108,83108,6871,,,18797,116549102,74906339,107020683,35662402,49388314,8962924,707540,,13542477,25034086,27144774,38575608,158625168,134794439,82282683,75485554,69293107,172693525,119086323,158728253,94288565,80460943,70847011,87076323,53615079,89731653,62862502,37623101,3195091,9613583,2691047,2822513,40914907,3144502,,,,786014,140445,628696,633516,,,497533,332275,699815,9807213,7518278,9775049,16231695,20498416,27174053,23252000
Iran,,,,,92289959,195082098,207462355,144215727,177263301,106498265,153977416,532257360,657163758,522531355,520403219,352532000,265570697,356326583,214355524,473207579,862808609,1069341474,637652875,635046686,12301876,9397600,58607215,1401348,7712,,,,,,,,,,,,,,,,,,,,,,,,,,,,12285,14447,,,,,,,,
Iraq,,,,,,,,,,72114284,40177048,142950300,62499008,4033632,158622,282646,422287,211463,435375,952897,1066823,530441,,,,,,,,,,,,,,,,,,,,,,,,,,,,,,3401434,,,193006,,1228476,47805499,1306870005,1703853539,6016358606,4425598704,4561083045,2704606700,1080390660,963736000
Ireland,,,,,,,,,,,,,,,,,,,,,,,,,,,,,,,,,,,,,,,,,,3503,,14705,,16701,,,,,,,,,,,,,,,,,,,,
Israel,,,,,,,,,,,,,,2470831,3050429,6014,78509623,78123760,,73607025,502691552,37888624,130712644,425074758,142327910,2462352006,1294233687,1240130862,9573704648,1047145488,5536197022,3030109246,2838741887,10507738508,2413924857,3076483092,2879508048,3349341649,3229602406,2576181230,3098119121,3153049908,3055164179,2941034483,2939186065,2796868245,2760147914,3061184009,2556318949,2506331959,2466467231,2412290914,2379517383,2450052689,3631754026,2483600907,2531990921,3718302866,2542697869,2537536359,2483170644,2501443111,2485820800,2452432274,2856324604,2995119616
Italy,,,,,339415876,2990947272,2848347335,2973946059,1758566911,641037235,115809555,128267383,604789902,1082156061,994031157,1124324563,385624996,996424508,67837260,4987019,55430122,151554,,,,,,47951727,,,,,,,,,,,,,,,,,,,,,,,,,,,,,,,,,52791,10682,68902,308742,,937000
Jamaica,,,,,,,,,,,,,,,,,,3183690,75465,,2792731,,,,,,,,,,,,,,,3595090,2206937,330994,381853,14054909,510778,548280,473550,11953671,7759940,3074539,4681979,1224944,1738413,656771,2279713,1389733,2349685,2342444,1757503,2019385,2019614,2127284,2113536,3111379,3065161,2455779,2044100,2050047,2668627,4013000
Japan,,,,,,,,643526355,497923228,1056118671,1397054888,889236186,579364240,256064578,826782225,393485633,983487674,277368719,46608365,103648961,9338892,2343682,,,,,,,,,,,,,,,,,,,,,,,,,,,,,,,,,,,,,,,,,8352,,,
Jordan,,,,,,,,,,,,,73883539,160604,32718903,23910667,18967211,27031996,30482068,51804510,124946778,77931488,1971147,70947478,967830,264687027,242172693,227919517,180047026,349963003,439026937,386875258,360778545,290236872,191105603,96755393,117169239,103963565,221847089,168975407,149429483,3389529,47838779,19389587,110093757,32028350,30460979,13756732,19609745,46550746,268095439,83889474,92363461,208487007,221184969,95580499,125415089,772410801,253367039,349463834,232351021,225187178,314570003,245045503,309764633,319243953
Kazakhstan,,,,,,,,,,,,,,,,,,,,,,,,,,,,,,,,,,,,,,,,,,,,,,,,236012,21996105,13384041,1395246,2526665,3747081,3050261,2642006,5468701,12767548,4541095,5163416,6774300,5427545,17423899,3160107,13127713,17582140,5068000
Kenya,,,,,,,,,,,,,,,,,,,,,,,,,,,,,,18705509,100742503,46036450,77707720,27320120,49487873,14321029,47123149,22107625,21847310,39877445,2660001,6947220,10083739,1596328,2223655,1090133,1146818,944047,408371,392952,404586,406621,585110,745619,539394,1802086,19024175,2523366,10884712,4521507,,48069,884245,1633246,2573792,2554000
Kiribati,,,,,,,,,,,,,,,,,,,,,,,,,,,,,,,,,,,,,,,,,,,,,,,,,,,,,,,,,,,,,,,,,33651,15000
"Korea, North",,,,,,,,,,,,,,,,,,,,,,,,,,,,,,,,,,,,,,,,,,,,,,,,,,,,,,,,,,7223,,,,,,,,
"Korea, South",,,,,35195323,46808428,12027940,29466365,87935618,398535347,3129510106,2423113748,670634722,1177777223,1911319616,1542298183,1643902299,1236464167,918287549,703951336,1324145403,1499988992,2210235777,2819930943,1682880462,3060089085,3206563185,1522533461,628965306,490140879,1041459614,468588214,785161941,596871070,314729937,357428003,344790237,367682845,440301195,426821706,295860844,3510396,2783594,2392041,1884827,1492480,1148298,395283,29777,13885,12260,,,,,,,,,,,,,,,
Kosovo,,,,,,,,,,,,,,,,,,,,,,,,,,,,,,,,,,,,,,,,,,,,,,,,,,,,,,,,,,,,,,,,2188981,3263128,5678000
Kyrgyzstan,,,,,,,,,,,,,,,,,,,,,,,,,,,,,,,,,,,,,,,,,,,,,,,,,70898,83311,314678,1413809,2226852,2519724,1735773,5084056,27763552,5980954,6007140,9445583,9029412,16805906,28076615,6162492,15356075,16197000
Laos,,,,,,,,,,,195493922,60093469,96101232,50491433,121364376,279669413,363880209,23548733,148445525,289132957,384760114,449424038,444449131,478779203,668528426,905363911,1236230448,1187193809,257067357,43250599,,,,,,,,,,,,,,,,,,14479,,,681121,,,,,,25798,,,,,42728,65770,107031,72401,200000
Latin America & Caribbean (not specified),,,,,,,,,,,,,,,,,,,,,,,,,,,,,,,,,,,,,,,,,,,,,,,,,,,,,,,,,,,,7375626,24196,,,,,
Latvia,,,,,,,,,,,,,,,,,,,,,,,,,,,,,,,,,,,,,,,,,,,,,,,68069,163615,490171,1626540,6965245,2721950,10171402,7076867,6226454,7530817,8964188,12449487,9772757,7228043,7988995,5315336,2651692,2652094,3671019,3928000
Lebanon,,,,,,,,,,,,24525312,19360595,8894992,3593406,264605,220065,422926,325080,456478,407739,259808,496708,385068,370053,20204841,40345578,2848167,663270,610835,394047,75849695,1305821,113063266,54013983,44655152,21686809,200077849,29427377,1229206,807533,835558,651768,576770,182809,,,855723,431058,11308797,7645722,3637541,726434,722156,743903,681870,697774,842727,821931,919995,34065013,9712026,8789210,63473078,2549319,79586000
Lesotho,,,,,,,,,,,,,,,,,,,,,,,,,,,,,,,,,,,,,,,,,,84081,100141,86597,94557,469152,190890,188230,,44433,98081,101655,99059,96461,109924,97410,117934,62603,,,54990,114297,186871,253169,180492,186000
Liberia,,,,,,,,,,,4018375,3420636,6266,216198,1220172,5731103,8992921,734246,2496151,6151037,3429473,4194812,3456042,2655467,2429063,3027112,10220132,855690,435753,6603998,5845573,1808975,1950216,3790667,8825309,11637896,15619274,12355130,1445722,24216104,1492766,469454,336068,361094,,,,,,,,,,,,,,,,31814307,24640067,59318984,96539333,54025748,18202134,13186000
Libya,,,,,,,,,,,,,8897102,3928621,8821841,5412374,9195142,6602339,12608466,13146557,13779334,10321944,6279435,1635288,649964,,,,,,,,,,,,,,,,,,,,,,,,,,,,,,,,,,,,,,,10291,478252,
Lithuania,,,,,,,,,,,,,,,,,,,,,,,,,,,,,,,,,,,,,,,,,,,,,,,106543,214293,212693,1622575,4647191,2765555,13178053,7198294,7058079,9096391,9351157,14074867,9078813,7557831,6306291,6989197,2748781,2841456,3874964,4137000
"Macedonia, Former Yugoslav Republic",,,,,,,,,,,,,,,,,,,,,,,,,,,,,,,,,,,,,,,,,,,,,,,,,,173565,1360880,2630996,28009084,9621149,644205,17683672,13610283,15147417,10332845,6710617,5448442,5004492,3552641,3615370,5517745,5745000
Madagascar,,,,,,,,,,,,,,,,,,,,,,,,,,,,,,,,,,,,,,33493,94988,3873472,138486,140136,128996,142150,849433,323396,223445,396731,,,138949,151145,192835,149906,204509,556986,255523,251614,391004,1368052,825955,459324,417589,60719,,
Malawi,,,,,,,,,,,,,,,,,,,,,,,,,,,,,,,,,,,43451,46147,137805,291590,349557,2189754,336322,276768,1128713,352924,2400160,370463,193849,156376,177244,173565,209785,1066041,1563815,432772,440973,484553,472963,375615,487288,582246,654385,539438,450996,427093,305918,400000
Malaysia,,,,,,,,,,,,,,,,,,,,462184,23397499,63707016,956817,825145,806525,10048203,45673507,42065239,72986722,15092857,56423617,109905092,48525454,21068016,17561303,22627533,21577799,9078686,20631460,1751803,1534132,1599297,1442716,1522802,1492417,,,,450910,699815,835055,844005,1240222,1190123,1110742,1747137,1426260,1409762,1803551,9276140,3164144,2035979,1604587,1859656,1604031,2863000
Maldives,,,,,,,,,,,,,,,,,,,,,,,,,,,,,,,,,,,,,,29553,43695,42323,55754,52551,49222,58821,72493,74396,155375,147688,,69426,108979,113693,133400,122532,127818,137373,153559,167342,212528,3851696,190267,180525,175387,149225,207005,268000
Mali,,,,,,,,,,,,,,,,7336774,1153854,405304,539865,2510627,4708544,357236,,5001,213492,27108,392584,16535,,,,,,191766,243806,230736,203622,240365,273566,268659,264381,246989,239321,272863,253727,371981,327028,1368289,190006,226329,211148,203310,2476481,1269639,345110,693110,420139,372004,,,,54478,247422,442530,623053,597000
Malta,,,,,,,,,,,,,,,,,,,,,,,,,,,,,,,,1515055,,,,,,,,,,,,122543,44126,34921,16277,76740,25523,80534,40867,139107,120192,533144,703001,3907642,362400,6371017,,,5499,165570,228630,790380,1926265,552000
Marshall Islands,,,,,,,,,,,,,,,,,,,,,,,,,,,,,,,,,,,,,,,,,,,,,,,,,,,,,,,,,,,,,,,,60719,34671,45000
Mauritania,,,,,,,,,,,,,,,,,,,,,,,,,,,,,,,,,,,,57135,59647,112301,140583,110408,107911,105102,161245,189533,168626,127536,,,,,,,,,,103654,159702,157710,271237,127366,,611007,437425,926226,415029,1434000
Mauritius,,,,,,,,,,,,,,,,,,,,,,,,,,4518,,,,,,,,,,,,,,,,,,,,986889,136138,94115,,,,29426,83210,123835,100977,107401,114248,132429,169083,122818,426725,314049,155552,195537,152959,455000
Mexico,,,,,,,,,,,,,6266,3088539,16899378,4023198,4300186,2936983,1462861,1049899,1401951,449251,564679,7436308,422239,20240985,8654109,45471,119543,383953,325659,357553,326455,454460,292085,221946,168657,120182,303963,393788,338121,450185,291938,400307,18123337,1337614,25614746,1043954,285009,555409,3234562,63077014,31459892,28330932,24654885,28452229,23645701,17958514,12880830,12387520,16688465,16626449,13078896,70023733,97881594,93680000
Micronesia (Federated States of),,,,,,,,,,,,,,,,,,,,,,,,,,,,,,,,,,,,,,,,,,,,,,,,,,,,,,,,,,,,,,,30275,,542495,129000
Middle East & North Africa (not specified),,,,,,,,,,,,,,,,,,,,,,,,,,,,,,,,,,,,,,,,,,,,,,,,,,,,,,,,,,,,22693963,20896325,22432087,25888447,27786787,26512912,26000000
Moldova,,,,,,,,,,,,,,,,,,,,,,,,,,,,,,,,,,,,,,,,,,,,,,,,,80823,147183,371892,1428522,5231728,2261625,2220205,4901724,4163304,2508147,2584385,1694428,1632113,1559564,1158810,1208211,2960058,2395000
Mongolia,,,,,,,,,,,,,,,,,,,,,,,,,,,,,,,,,,,,,,,,,,,,,,,159815,156376,70898,136075,95357,488212,561336,559215,1101794,3848946,3299686,2536609,3365220,4105292,4216658,5222404,1998165,2071659,5614619,3993000
Montenegro,,,,,,,,,,,,,,,,,,,,,,,,,,,,,,,,,,,,,,,,,,,,,,,,,,,,,,,,,,,,,,,,974596,1629524,1927000
Morocco,,,,,,,,,,,,,,,4258399,45764632,43626370,29880870,13786881,72231886,61138464,94201946,9149885,59950544,3766945,71082907,68257885,41077268,13685733,51735968,100605726,93281913,125080645,120684004,62568932,75597980,63955931,150267228,76558675,90913436,4364992,23607585,89755632,86487655,69440748,62119360,34084925,78180638,46685923,5813608,32906179,7820373,7138924,11193067,6486625,11247537,10007734,22294261,20917183,28406411,20023672,28942574,17059695,18501431,16373632,15099887
Mozambique,,,,,,,,,,,,,,,,,,,,,,,,,,,,,,,,,,,,,,,,,,,,,,132091,273757,254835,1064353,237671,548984,272864,235101,239850,227517,249769,187957,284119,285327,960934,896342,1224151,294400,442530,458877,1692000
Namibia,,,,,,,,,,,,,,,,,,,,,,,,,,,,,,,,,,,,,,,,,,,,,,4843348,469086,1303132,311950,549855,803723,251463,268120,189012,223682,241027,255523,210682,,,,32046,60550,158488,142762,204000
Nepal,,,,,,,,,,,,,,,,,,,2240731,1289549,1893472,4579111,67971,65011,23721,54217,103539,136414,96406,97734,133520,87873,181679,133974,62762,136244,178941,145795,205175,224496,154672,182176,169731,161757,193841,299103,264878,215741,348817,133298,190714,262163,1315507,898133,276088,1041538,17661796,4394220,5308499,1850224,700577,841737,890509,764651,1729458,1908000
Netherlands,,,,,491131183,3053267019,2486867461,621118473,67948046,448558405,114516978,51625782,474572670,379834683,364806927,208641020,61820381,158655847,13891371,5791560,335128,151554,,,,,,,,,,,,,,,,,,,,,,,,,,,,184674,,,,,,,,,77496,73918,,40591,,58661,,
New Zealand,,,,,,,,,,,,,,,,,,8810950,,,,,,,,12650616,,,,,,,,,,,,,,,,,,,,,,,,,,,,,,,,,,,,,,,,
Nicaragua,,,,,,,,,3213525,687130,863951,1607053,1710499,716541,2037687,3024916,11395791,7136870,7581333,7919888,7182904,6018879,5918669,4075717,5764280,7305731,4370196,12235958,7581333,14935785,11684632,9732711,1132658,28896,,,,,,,,,,,,,,,,,,76241,100380,1890119,268419,420861,1305870,2168703,2299058,1427186,2034642,4966037,4491173,6597818,3107109,4135000
Niger,,,,,,,,,,,,,,,,,315228,17622,,,,,31371,,,,,,,,,,,,,5515695,4786154,2776013,368555,9574194,388479,422158,2118247,388870,3432402,4576129,1448691,1374080,283591,262431,14985,,,,,127382,162159,124001,,2137936,318944,61955,103353,64836,,66000
Nigeria,,,,,,,,,,,,,,,,,29738,252581,3303046,1540612,1826446,1098770,88885,145026,227725,908133,422783,,,,,,,,,,,,,,169060,166411,152758,160123,157594,311250,559351,201262,,,,,,117318,13452883,20265039,8292211,115574,,1421500,2197414,2024229,2245586,3356026,2922539,10915466
Norway,,,,,569374297,1858917712,568243511,427794473,136436297,376547190,285974323,93389807,90180273,144370659,288704820,383761400,269662713,180207432,207946801,197472241,189816330,100561822,,,,,,,,,,,,,,,,,,,,,,,,,,,,,,,,,,,,,,,,,,,,
Oceania (not specified),,,,,,,,,,,,,,,,,,,,,,,,,,,,,,,,,,,,,,,,552039,,,,,,,,,,,,,,,,,,,,,,,,,72401,30000
Oman,,,,,,,,,,,,,,,,,,,,,,,,,,,,,,,,,,,60377089,54941593,61866230,59269556,76226216,73840715,16512151,54303,169731,116007,258455,4879787,883420,1581134,264015,181896,927823,894548,5873400,1179417,322102,424608,31397383,98275220,30153119,28665400,20101165,15597778,6390160,8683886,10576613,14622000
Pakistan,,,,,,,,,,273484575,1117101430,449671598,547860981,377160009,236890230,267684011,564228441,300406417,192743500,79564058,8635124,27063303,26707207,515091,891922,750001,427097,1235997,894644,900545,1309148,939334,1552792,1218898,,,1180598,513783098,571392656,599828837,561049841,549261294,442713657,377305314,291352342,,3773403,,,,,,,2678755,1197658,178585,93934170,318036914,101661017,367319400,359800072,372802901,448839090,495045228,945660747,673185000
Panama,,,,,,,,,,,,,,,,511169,3871952,2255603,1352566,1380845,3083175,2565601,1129357,1415249,4848637,7052718,3024193,3158200,3555437,1944200,2562934,9469091,1283111,3664574,659001,720776,11024402,10769119,10359425,19452008,7803749,973942,,,,,,,,284617,,3416148,3755005,4700531,2163965,9273937,1961144,4543503,5002388,3251255,6396378,4422326,4533976,5431802,7982426,10821000
Papua New Guinea,,,,,,,,,,,,,,,,,,,,,,,,,,,,,,,,,,,19311,17580,34965,41374,83590,99367,71941,106853,67893,78428,66190,217116,143537,144792,70898,173565,220683,148470,228497,203351,226239,199816,253066,308197,342863,335474,316744,257435,260993,250081,323254,177000
Paraguay,,,,,,,,,,,,,,1964311,445363,2591926,5269661,8294041,7198203,16324783,10941919,5196154,7000969,5791018,5607720,18375019,11531622,8060851,9085260,3598690,8206598,1927149,1757181,23642,7242,,18511,108361,142482,172972,152874,183928,200283,334951,334100,182195,735444,590739,126198,186062,216276,1643871,972101,662193,495935,1421188,869761,1005253,399224,554954,1336265,1776408,2663176,1709402,2655370,1190000
Peru,,,,,,,26380188,38471532,15922185,30859004,54241359,81585387,66239550,49496923,15429071,116780998,124092787,96708992,55048839,69002306,56368479,27864377,7847987,2715478,2633066,2286147,3981926,2984582,61475898,74347330,68424139,33288780,24921315,14180193,7939399,9400853,10187288,8838322,20299001,15688944,967600,250492,641584,76794,1791846,9493874,165734,,,451270,4555585,57000445,36245113,42069100,14452423,14374228,16339496,12448283,10699191,8256072,13128391,8575466,11524717,10349035,24366386,13011000
Philippines,,217854406,378801400,455033988,132123243,174311322,347876253,115540640,42939342,82448718,222209416,79055407,193844042,154606077,212950461,257977819,92427238,129750056,131988343,130204550,137368845,177161795,155532360,106163671,128469916,80959423,88288308,204282623,101707867,119842311,134298370,111250461,103449432,84237913,181947172,164912679,106696057,102286924,99173491,50055201,4384776,16811011,216261494,4140323,240775624,296763651,46369940,25395150,1243830,2975201,1648672,1732150,1687969,13697889,6165651,8075657,69357869,65160139,44688379,43501312,41096472,46841403,33731818,37984094,36254368,26332698
Poland,,,,,,,,,,,,,,,,,,,,,,,,,,,,,,,,,,,,,,,,,,,,,,532920,1052113,990380,992569,2425749,23833794,18173531,166443286,10403477,92948641,16974327,50610990,4611007705,41329030,102332211,35017841,32606641,30327421,30070450,56729673,36022000
Portugal,,,,,,686926661,606701547,430637473,69914945,37105015,43532391,84418706,7117682,94410455,143748425,59415843,41616048,35349533,22987810,6133919,22889222,5212392,2776337,10846908,5095339,4115968,32243675,4133770,2903736,1591661,7604129,95724181,71368810,80799255,79804356,116400935,117944650,157643660,110363113,235521849,81434887,4335444,144378573,167622626,137132200,153066513,151076687,132359307,115755163,4671048,30499282,4113913,64335678,14434254,888217,883512,884503,1023311,3782879,933641,652185,593916,781936,488842,96874,93000
Romania,,,,,,,,,,,,,,,,,,,,,,,,,,,,,,,,,,,,,,,,,,,,,,,,447409,442402,6661200,13667379,9927427,19803922,9921171,9321793,22736507,12722095,31964638,12297259,17040942,15723935,17012068,15323439,14043648,15430515,15435000
Russia,,,,,,,,,,,,,,,,,,,,,,,,,,,,,,,,,,,,,,,,,,,,,,,5221065,24775867,39750204,84322447,62086737,24190147,51253866,67859015,145280351,115581425,79535917,68626286,84060773,85354572,174939123,134179439,78548554,77227284,89494453,41575219
Rwanda,,,,,,,,,,,,,,,,,,,,,,,,,,,,,,,,,,,125524,3368749,10284,122152,3800,123289,134889,175169,127299,161757,381378,368945,115422,964318,106347,485983,875922,480187,713808,409309,209622,,,195031,349908,8581311,313445,698599,408194,437385,726046,859000
Samoa,,,,,,,,,,,,,,,,,,,,,,,,,,,,,,,,,,,,,,,,,,,,,,,,69500,21269,66649,107617,127069,126796,136871,108646,109899,138818,91496,,,,41660,17748,52486,36710,113000
Sao Tome & Principe,,,,,,,,,,,,,,,,,,,,,,,,,,,,,,,,,,,,,,,,,95321,75323,84866,89865,464903,221670,371421,528492,,40267,102168,96305,97738,112104,57518,126134,137589,818649,220747,220617,454220,235003,130497,575289,577166,262000
Saudi Arabia,,,,,,,,,,,,31172963,254632551,102595083,14532245,45656385,38267494,39414318,19533834,7166699,409782982,466398142,160802694,2680471,2329433,57750061,1850754,739945,651702,129148,,,,,,,,,,,,,,,,,,,,,,,,,,,29483,26486,28180,,,,,11321,7138,4000
Senegal,,,,,,,,,,,,,,,,66151,11241151,1415626,545670,992839,1804104,37889,,35006,75908,,,78542,26994,118676,94441,24331777,150453,302097,391056,399943,643776,606822,906188,6506698,865085,853075,2018106,717286,3711344,8482692,20857299,11146874,638080,1355198,867748,3560605,6786218,4491966,1100346,4704983,3094530,3442390,2553856,1741053,2482208,3640247,1918256,1350232,3826867,4667000
Serbia,,,,,,,,,,,,,,,,,,,,,,,,,,,,,,,,,,,,,,,,,,,,,,,,,,,,,,,,,,,,,,80115,279785,1733072,1940541,2789000
"Serbia and Montenegro, Former",,,,,,574905414,1657673981,1166484300,891309934,395731857,104959943,248964188,27017115,12354,6101,,1784310,1174793,5224502,,,,,,,,,,,,,,,,86901,54937,312632,189139,125385,184013,97120,84081,113720,58821,40975,129055,,,,,25269598,18458433,38501022,49599335,,,,,,,,,,,,
Seychelles,,,,,,,,,,,,,,,,,,,,,,,,,,,,,,,,,,,,,,,,31282,35970,68316,22065,,137107,616426,192370,344606,,13885,42230,66878,104342,134264,345110,74931,49139,63806,115070,4859256,410228,241412,103353,100856,120328,629000
Sierra Leone,,,,,,,,,,,,,,,,,,,,,,,,,,,,,,,,,,,,,45249,61076,75991,110408,106112,120867,120509,125811,642984,4510843,219005,411211,,72203,182540,4013,,2199056,485710,162350,217440,430995,839544,303632,452021,411255,418633,999295,1042161,1620000
Singapore,,,,,,,,,,,,,,,,,,,,,,,67970575,30005277,,,8196813,,,,,,,,,15382,96669,84719,104487,92006,84530,71819,79774,78428,74069,28848,22196,28958,14180,27770,27245,,,,,,,,,,,,,,,43000
Slovakia,,,,,,,,,,,,,,,,,,,,,,,,,,,,,,,,,,,,,,,,,,,,,,,,185334,419715,365297,5477577,8856035,5046738,4983397,4388004,14832555,11172987,18564074,9015407,6769752,5411048,5116652,2197564,2085038,2257676,2347000
Slovenia,,,,,,,,,,,,,,,,,,,,,,,,,,,,,,,,,,,,,,,,,,,,,,,,118730,160229,208278,889544,1872595,4165771,4009660,3296436,7691648,5929852,5941226,3433322,2770219,1527631,1390789,1274691,1231881,1302192,1460000
Solomon Islands,,,,,,,,,,,,,,,,,,,,,,,,,,,,,,,,,,,,,,,49394,53364,14388,38537,39038,39214,59886,65287,19237,28958,11344,140241,115791,195285,161136,204654,67744,77429,179357,181788,52838,164894,163871,44864,60550,76156,35690,39000
Somalia,,,,,,,,,,,,,,,,,,,,,,,,,,,,,,,,,,,48278497,44732064,21483187,10974019,1943461,62739214,1694200,1082547,10839044,1225431,,,,5958210,5317332,,,,,,,,,,,4369122,,52982454,,277328604,104012195,75300000
South Africa,,,,,,,,,,,,,,,,,,,,,,,,,,,,,,,,,,,,,,,,,,,,,,,,,147467,412391,11684500,877444,1524191,1723267,1475024,2747463,10037875,8677681,,,16497,50205,911389,1197919,1677452,1700000
South Sudan,,,,,,,,,,,,,,,,,,,,,,,,,,,,,,,,,,,,,,,,,,,,,,,,,,,,,,,,,,,,,,,,,,42633000
Spain,,,,,,,,,962665425,83080877,1056832509,385750890,76314579,124338397,335351983,262079196,243118134,186369223,197544237,45796122,130783585,103051646,145964195,10861910,194410436,113055843,345711388,238778930,98823413,8670365,1960465,404807445,382511953,432498517,304195569,275266127,262362262,793451156,765558253,741327431,692564332,188876448,4126169,3083184,3080967,2288065,1373223,347502,69480,72203,66750,,,,,,,,1174,,13198,166638,10440,12350,,
Sri Lanka,,,,,,,,,,,,,,,,,,,,,,,1793377,395069,208748,13237966,,934232,46275,,,18181,176002,63046,50692,147232,4323376,189139,273566,272339,282367,269761,274965,266327,296277,364390,331468,561795,141796,133298,243841,267514,282649,7231726,259471,314709,318175,4352083,3576573,8787144,1667307,1567042,629516,411656,1765148,1950000
St. Kitts and Nevis,,,,,,,,,,,,,,,,,,,,,,,,,,,,,,,,,,,,,,,60793,47843,57552,92840,103536,76794,882528,948932,830149,361981,114854,109693,170280,218024,417370,297205,258193,407124,432423,438218,752654,334337,314545,308708,84562,167750,2294387,405000
St. Lucia,,,,,,,,,,,,,,,,,,,,,,,,,,,,,,,,,,,,4395,16454,27583,79790,88326,86329,61309,32249,71892,855737,869981,802033,954182,321876,119413,160745,197960,475484,461450,442252,398382,449622,453869,803144,319553,475116,307640,75166,1764976,617955,388000
St. Vincent and Grenadines,,,,,,,,,,,,,,,,,,,,,,,,,,,,,,,,,,,,,2057,61076,83590,93847,91724,85833,72984,71892,851009,944377,849386,221532,126198,111082,168918,258151,377746,265920,258193,274746,208841,,,,,71569,80386,352995,2036396,337000
Sub-Saharan Africa (not specified),,,,,,,,,,,,,,,,,,,,,,,,,,,,,,,,,,,,,,,,,,,5091940,,,,,,,,,,,,,,,,,44600984,47054125,14687676,10355170,18009955,30389916,25940000
Sudan,,,,,,,,,,,,,,,61009,42096,226013,182093,179955,1780263,748452,8828050,,,,,,45471,53987,,,251499,598975,13896484,61354728,70840418,181219782,2358331,2748962,85341524,1548520,1657103,1272985,251622,,,,,,,,,,,,,,,,178886109,164759824,395334559,230879892,39807146,56023824,
Suriname,,,,,,,,,,,,,,,,,,,,,,,,,,,,,,,,,,,36209,39555,39079,,,77285,61149,,,,,,,,,38879,217959,199298,108305,130353,198118,161101,390655,596302,416836,350258,417926,307640,242202,610280,1507157,2635000
Swaziland,,,,,,,,,,,,,,,,,,,,,,,,,,,,,,,,,,,,,,,94988,92006,75538,113860,88260,99668,86677,194341,267838,212845,,79146,68112,113693,122833,118621,134209,122387,103192,120390,153818,332062,245257,262776,167036,324179,170294,199000
Syria,,,,,,,,,,,,,,,,,,,92880,114119,106124,32476,,,,,,,,,,,,,,,,,,,,,,,,,,,,,,,,,,,,,,,,,,,,
Tajikistan,,,,,,,,,,,,,,,,,,,,,,,,,,,,,,,,,,,,,,,,,,,,,,,,,,,,,,,,,9408896,1024515,2758165,11909896,7341209,7309656,27290503,2352615,16865272,8288000
Tanzania,,,,,,,,,,,,,,,,,,,,,,,,,,,,,,,,,,,,,,,,,,,28854,94767,220632,91097,241202,401075,161647,112470,171643,6688,244346,235939,213457,267253,337831,252818,,3516222,,70501,313192,488842,1118641,955000
Thailand,,,,,75865475,346389785,225265417,170096830,294335340,313317496,305362980,104258393,89591310,101267011,246499082,366429775,466341215,378583043,208939457,173706872,288019917,376937687,469577330,482154797,502559850,427351356,513159343,255826595,133197780,140987669,335164624,142315141,107480445,84826346,93061631,119745512,156836519,154826273,182776498,188280205,148666913,4030649,77414466,3566821,8746480,1030920,,3386696,1269070,3192213,1968440,2140108,8501837,4085265,17980210,20529658,17679184,17649113,8398959,14184296,9390149,2858489,5217778,7358353,5807348,4682000
Timor-Leste,,,,,,,,,,,,,,,,,,,,,,,,,,,,,,,,,,,,,,,,,,,,,,,,,,,,,,11731774,,,52824,2539016,3028228,2931702,1299971,778714,132585,277868,818841,297000
Togo,,,,,,,,,,,,,,,,,,,,,,,,,,,,,,,,69693,,,72418,70320,74044,96540,58893,68085,91724,126122,105233,166659,457023,431195,,,,,,33439,,,,64940,101963,163730,474372,15921,260654,86524,109617,152313,228419,668000
Tonga,,,,,,,,,,,,,,,,,,,,,,,,,,,,,,,,,,,,,,,56993,86486,68344,77075,56011,45749,53582,124500,82867,88323,21269,69426,115791,140445,130758,129050,131653,124885,141275,152895,746783,441234,397030,664417,683802,708049,704632,277000
Trinidad & Tobago,,,,,,,,,,,,,,,,,,,,,,,,,,,,,,,,,,,,,,,,71765,89926,113860,89958,16339,1090552,857834,796114,867307,249560,131910,521739,759738,2146804,494038,1549159,1217626,864847,845135,173780,131915,118779,168775,235938,237731,1048280,883000
Tunisia,,,,,,,,,,,,,,8030201,7931116,41061880,42246504,9609810,2530981,1723203,4468369,45785696,15146981,19458422,18061412,24628038,18227124,9168701,16766855,24953477,83651937,76931444,73631287,55304855,37763440,34340144,197844828,173726411,177715522,122394370,21774601,2560977,47796346,51307980,49323844,17647097,16462394,17025571,2533489,9502529,8939370,3014708,43780410,9585698,9135115,10732590,12278615,7704933,15381613,13950032,11284015,10997064,10498194,14889601,20713723,19074000
Turkey,,,547511267,642899120,862668657,1261068008,1350337660,1167310591,2360278685,153855258,1269123237,587645841,968831744,1297470457,834066650,911600207,1117745077,1072069455,704181640,837277052,833831234,1015653293,900730371,896052589,859560946,965752529,958319648,999752163,751338669,370623184,407073310,378763656,497075059,476778127,498009595,555241471,712443768,577201897,1117512724,1294157522,741937121,317610221,837557984,709374249,789895401,964693289,744748359,705160665,584922803,501410196,589140505,236956162,7559588,20311686,4716873,2293707,87949090,24565968,46963953,42581317,19659043,19021342,10201706,4444857,5216925,4843000
Turkmenistan,,,,,,,,,,,,,,,,,,,,,,,,,,,,,,,,,,,,,,,,,,,,,,,,,70898,163846,290158,1019227,1038141,1488632,1656526,2245427,482791,1090730,919388,6779986,641187,4988469,10212146,1340970,10567435,3298000
Uganda,,,,,,,,,,,,,,,,,,,,,,,,,,,,,,,,,,,,57135,113124,137914,113986,11041,,176921,168034,153587,189113,288475,369941,902057,181498,191616,5887612,5760904,5622602,397577,315711,,,1310424,3124511,2589404,428925,409119,651439,4140231,17943123,908000
Ukraine,,,,,,,,,,,,,,,,,,,,,,,,,,,,,,,,,,,,,,,,,,,,,,,113942,548763,66844669,16480963,5086821,8379861,6669988,8217456,5864307,10836245,51409253,8665642,7995039,5492676,13899356,12130418,8445743,10459153,13708195,11161000
United Arab Emirates,,,,,,,,,,,,,,,,,,,,,,,,,,,,,,,,,,,,,,,,,,,,,,,,,,,,,,,,,,,4697,,15397,,,,,
United Kingdom,,,,,403565219,2108908840,2014163009,495767382,459111603,540084109,321456570,214609389,203868945,262636989,459632569,128916745,71782776,47761225,702405,,,,,,,,4314,,,,,,,,,,,,,,,,,,,,,,,12779962,,,,,,,9828,8427,23484,3759583,28595,19228,18792,21612,,2812000
Uruguay,,,,,,,19963386,22407882,15929111,3435650,20078478,16018901,26578526,23707624,28277479,30652080,8564686,11366126,14646021,16581551,28184240,8671082,10080559,10371824,16590690,29665694,28934751,12496385,20869876,31365498,10938874,60602,,,,,10284,114272,186177,149050,187045,320560,280057,290836,321492,757627,4911343,5649033,236799,249101,1953129,472161,1582306,2158646,800143,803009,2099465,2546240,183173,255870,265053,290549,368523,574260,1155351,1099000
Uzbekistan,,,,,,,,,,,,,,,,,,,,,,,,,,,,,,,,,,,,,,,,,,,,,,,,,,131910,399137,1720112,2650825,2836482,2935988,9111587,50742191,19592201,1359708,53448,,,,,6812799,5222000
Vanuatu,,,,,,,,,,,,,,,,,,,,,,,,,,,,,,,,,,,,,,,,,,,,,,,,43438,21269,69426,119877,132419,122833,113407,80526,79926,116705,127613,117419,118269,107781,61955,97090,116293,93815,60000
Venezuela,,,,,,,,,,,,,,82155133,50655427,59710517,109128377,86153473,75795918,66805507,66712754,5033774,5291248,4080718,3600896,37481967,41419792,42251258,32268869,2331644,34754291,221198,286713,,,17580,47306,82748,85489,172972,178053,268009,232532,187899,160746,581505,985524,327231,276501,384628,10986622,12760395,14454723,11439784,8742776,9407564,8375748,7595379,1438379,877918,578498,565075,563746,559852,335490,330000
Vietnam,,,,,,,,,,,221666935,2027668906,315258155,362013814,567361526,601405003,1219266347,1277476205,1137292880,1839964494,3856509951,3586104179,6501056075,7671159131,7268672125,8486453268,10955537170,13648194056,2928145392,1985352940,,,,,,,,,,,,,,,,,,,,,,,,,,,,,,56860,127578,292685,499019,1512836,2641094,3424000
West Africa (not specified),,,,,,,,,,,,,,,,,,,,,,,,,,,,,,,,,,,,,,,,,,,,,,,,,,,,,,,,,,,,341160,,,,,,
Western Europe (not specified),,,,,,,,,,,,,,,,,,,,,,,,,,,,,,,,,,,,,,,,,53955,,44130,,,,,,,,,,,,,,,,,,,,,,,
World (not specified),,,,,11763059,496302862,750972657,1657938165,898865873,915607476,1541964172,1355578543,1157487899,2979148969,1030197045,1731220118,1114325151,1872432694,637406695,489115825,495849361,1998500449,267762236,270832631,123170573,93289255,120286079,118420096,107287821,113674624,162213829,180352102,136043866,135938613,104921244,99005621,157340433,85219073,98369890,105424696,57960690,65660513,122077571,71891954,102827086,96331013,84462071,49772409,196965309,140760089,41439415,444792857,106832081,1238354,2650953,6218009,4902847,3658639,4913733,269946262,20300230,151361042,104711555,114321018,107463972,195313033
Yemen,,,,,,,,,,,,,,,,,,,5805,,,,,,,,,,,,784837,639353,1941699,1463203,1216618,2008504,22709035,6655339,1734486,11390401,1753551,2105537,3374259,1653515,937686,37957,,,,,68112,69554,187552,159031,528800,247272,25169011,3549548,18550979,14766895,10223802,13266977,5070578,3910733,13922338,21054000
Zambia,,,,,,,,,,,,,,,,,,,,,,,,,,,,,,,,,,,,,,,,,,,,,,,421733,653014,106347,127744,134862,230062,188873,195530,175111,850465,232182,391266,535429,427587,287050,271321,452040,370490,373220,422000
Zimbabwe,,,,,,,,,,,,,,,,,,,,,,,,,,,,,,,,,,,,,"123,407","216,722","279,266","351,465","307,546","243,486","263,084","303,907","329,372","2,001,108","935,212","1,872,167","341,727","322,137","305,142","398,595","413,407","389,756","365,561",,,,,,,,,,,